{
  "precision": 0.6119402985074627,
  "recall": 0.3796296296296296,
  "f1_score": 0.4685714285714286,
  "f05_score": 0.5452127659574468,
  "severity_score": 377,
  "cwe_coverage": 10
}