{
  "true_positives": 41,
  "false_positives": 26,
  "false_negatives": 67,
  "duplicates": 2,
  "precision": 0.6119402985074627,
  "recall": 0.37962962962962965,
  "f1_score": 0.4685714285714286,
  "f05_score": 0.5452127659574469,
  "severity_score": 1132,
  "cwe_coverage": 31
}