{
  "precision": 0.7704918032786885,
  "recall": 0.4351851851851852,
  "f1_score": 0.5562130177514792,
  "f05_score": 0.6676136363636364,
  "severity_score": 428,
  "cwe_coverage": 11
}