{
  "true_positives": 50,
  "false_positives": 14,
  "false_negatives": 58,
  "duplicates": 6,
  "precision": 0.78125,
  "recall": 0.46296296296296297,
  "f1_score": 0.5813953488372093,
  "f05_score": 0.6868131868131868,
  "severity_score": 1420,
  "cwe_coverage": 37
}