{
  "precision": 0.7812500000000001,
  "recall": 0.4629629629629629,
  "f1_score": 0.5813953488372093,
  "f05_score": 0.6868131868131869,
  "severity_score": 473,
  "cwe_coverage": 12
}