{
  "precision": 0.8123861566484517,
  "precision_std": 0.061776635010357676,
  "recall": 0.45370370370370366,
  "recall_std": 0.03207501495497919,
  "f1_score": 0.5822297360758899,
  "f1_score_std": 0.04222750795820688,
  "f05_score": 0.7014650818530129,
  "f05_score_std": 0.0521281835916052,
  "severity_score": 444.3333333333333,
  "severity_score_std": 39.145029484384516,
  "cwe_coverage": 11.666666666666666,
  "cwe_coverage_std": 1.1547005383792515
}