{
  "true_positives": 22.666666666666668,
  "true_positives_std": 1.5275252316519468,
  "false_positives": 4.333333333333333,
  "false_positives_std": 2.0816659994661326,
  "false_negatives": 37.333333333333336,
  "false_negatives_std": 1.5275252316519468,
  "duplicates": 2.6666666666666665,
  "duplicates_std": 2.0816659994661326,
  "precision": 0.8417879948914432,
  "precision_std": 0.07216687751417318,
  "recall": 0.37777777777777777,
  "recall_std": 0.025458753860865803,
  "f1_score": 0.5210869779915065,
  "f1_score_std": 0.033206225861908585,
  "f05_score": 0.6751893939393939,
  "f05_score_std": 0.047225218332544255,
  "severity_score": 660,
  "severity_score_std": 40.779897008207364,
  "cwe_coverage": 16.666666666666668,
  "cwe_coverage_std": 1.5275252316519468,
  "subset_name": "Vulnbank"
}