{
  "true_positives": 13.666666666666666,
  "true_positives_std": 3.511884584284246,
  "false_positives": 6.666666666666667,
  "false_positives_std": 1.5275252316519468,
  "false_negatives": 94.33333333333333,
  "false_negatives_std": 3.511884584284246,
  "duplicates": 0.3333333333333333,
  "duplicates_std": 0.5773502691896257,
  "precision": 0.6704545454545454,
  "precision_std": 0.03613406065973281,
  "recall": 0.12654320987654322,
  "recall_std": 0.032517449854483765,
  "f1_score": 0.2118539996588777,
  "f1_score_std": 0.04758540061744043,
  "f05_score": 0.35714285714285715,
  "f05_score_std": 0.05952380952380956,
  "severity_score": 369.6666666666667,
  "severity_score_std": 88.08140174482541,
  "cwe_coverage": 11.666666666666666,
  "cwe_coverage_std": 2.0816659994661326
}