{
  "total_cost": 78.95179999999999,
  "total_cost_std": 9.179525545473469,
  "input_cost": 73.678325,
  "input_cost_std": 8.789627754738817,
  "output_cost": 5.273475,
  "output_cost_std": 0.8282800443539613,
  "input_tokens": 59907523.666666664,
  "input_tokens_std": 8707109.651015159,
  "output_tokens": 351565,
  "output_tokens_std": 55218.669623597416,
  "total_tokens": 60259088.666666664,
  "total_tokens_std": 8751952.411572307,
  "duration_seconds": 12424.433333333332,
  "duration_seconds_std": 2582.365942954897,
  "cost_per_hour": 23.20863758657708,
  "cost_per_hour_std": 2.4481591255408883,
  "per_target": {
    "paygoat": {
      "total_cost": 34.5806,
      "total_cost_std": 17.006572145203158,
      "input_cost": 32.673595,
      "input_cost_std": 16.074692316651817,
      "output_cost": 1.9070049999999998,
      "output_cost_std": 1.0542331478496585,
      "input_tokens": 23618111.333333332,
      "input_tokens_std": 14087599.088261148,
      "output_tokens": 127133.66666666667,
      "output_tokens_std": 70282.20985664391,
      "total_tokens": 23745245,
      "total_tokens_std": 14155670.093442662,
      "duration_seconds": 3918.166666666667,
      "duration_seconds_std": 1835.2197588663146,
      "cost_per_hour": 31.393076720742034,
      "cost_per_hour_std": 1.2581605923225325
    },
    "vuln-bank": {
      "total_cost": 36.5042,
      "total_cost_std": 7.787560003621158,
      "input_cost": 33.914229999999996,
      "input_cost_std": 7.493877057439961,
      "output_cost": 2.58997,
      "output_cost_std": 0.30675589810955556,
      "input_tokens": 28856079,
      "input_tokens_std": 6461275.889240066,
      "output_tokens": 172664.66666666666,
      "output_tokens_std": 20450.3932073037,
      "total_tokens": 29028743.666666668,
      "total_tokens_std": 6481667.453461133,
      "duration_seconds": 7075.9,
      "duration_seconds_std": 1335.4467904038709,
      "cost_per_hour": 18.78308925420668,
      "cost_per_hour_std": 4.3529384740342705
    },
    "xben-090": {
      "total_cost": 7.867,
      "total_cost_std": 4.539507599949581,
      "input_cost": 7.0905000000000005,
      "input_cost_std": 4.5392397766586425,
      "output_cost": 0.7765,
      "output_cost_std": 0.10821159826931673,
      "input_tokens": 7433333.333333333,
      "input_tokens_std": 152752.52316519467,
      "output_tokens": 51766.666666666664,
      "output_tokens_std": 7214.106551287785,
      "total_tokens": 7485100,
      "total_tokens_std": 153781.37078332994,
      "duration_seconds": 1430.3666666666668,
      "duration_seconds_std": 214.8522825881385,
      "cost_per_hour": 19.36153257584972,
      "cost_per_hour_std": 9.774218154273793
    }
  },
  "cost_per_target": 26.317266666666665,
  "cost_per_tp": 2.7541325581395344,
  "n_runs": 3
}