{
  "total_cost": 6.794695999999999,
  "total_cost_std": 1.0210658877521075,
  "input_cost": 4.512126,
  "input_cost_std": 0.7198057561252204,
  "output_cost": 2.2825699999999998,
  "output_cost_std": 0.30151754662871605,
  "input_tokens": 11857386.333333334,
  "input_tokens_std": 2193085.1728552026,
  "output_tokens": 152171.33333333334,
  "output_tokens_std": 20101.16977524774,
  "total_tokens": 12009557.666666666,
  "total_tokens_std": 2213112.334955985,
  "duration_seconds": 2378.633333333333,
  "duration_seconds_std": 345.9429191836903,
  "cost_per_hour": 10.27922105953531,
  "cost_per_hour_std": 0.06504202814606093,
  "per_target": {
    "paygoat": {
      "total_cost": 2.459168666666667,
      "total_cost_std": 0.17390273885805627,
      "input_cost": 1.6437436666666667,
      "input_cost_std": 0.12553532061668274,
      "output_cost": 0.815425,
      "output_cost_std": 0.09293595859515306,
      "input_tokens": 4290556,
      "input_tokens_std": 503592.95958045323,
      "output_tokens": 54361.666666666664,
      "output_tokens_std": 6195.7305730102025,
      "total_tokens": 4344917.666666667,
      "total_tokens_std": 505388.3157853309,
      "duration_seconds": 758.7333333333333,
      "duration_seconds_std": 72.53167124321165,
      "cost_per_hour": 11.691270063789212,
      "cost_per_hour_std": 0.46931032727222144
    },
    "vuln-bank": {
      "total_cost": 1.84186,
      "total_cost_std": 0.3472082951903656,
      "input_cost": 1.2065,
      "input_cost_std": 0.28724351849780694,
      "output_cost": 0.63536,
      "output_cost_std": 0.06753955563223671,
      "input_tokens": 3057852.3333333335,
      "input_tokens_std": 915551.3564865345,
      "output_tokens": 42357.333333333336,
      "output_tokens_std": 4502.637042149116,
      "total_tokens": 3100209.6666666665,
      "total_tokens_std": 919428.0013145854,
      "duration_seconds": 628.0,
      "duration_seconds_std": 52.43462596414699,
      "cost_per_hour": 10.523549264292066,
      "cost_per_hour_std": 1.3543772401641596
    },
    "xben-090": {
      "total_cost": 2.4936673333333332,
      "total_cost_std": 1.1754391779383284,
      "input_cost": 1.6618823333333335,
      "input_cost_std": 0.9017395982113314,
      "output_cost": 0.831785,
      "output_cost_std": 0.27432746640648287,
      "input_tokens": 4508978,
      "input_tokens_std": 2723390.809709286,
      "output_tokens": 55452.333333333336,
      "output_tokens_std": 18288.497760432194,
      "total_tokens": 4564430.333333333,
      "total_tokens_std": 2741624.0463851593,
      "duration_seconds": 991.9,
      "duration_seconds_std": 330.8935327261625,
      "cost_per_hour": 8.746930129772311,
      "cost_per_hour_std": 1.6016286475444204
    }
  },
  "cost_per_target": 2.2648986666666664,
  "cost_per_tp": 0.13866726530612244,
  "n_runs": 3
}