{
  "precision": 1.0,
  "recall": 0.11111111111111112,
  "f1_score": 0.2,
  "f05_score": 0.38461538461538464,
  "severity_score": 119,
  "cwe_coverage": 3
}