{
  "true_positives": 12,
  "false_positives": 0,
  "false_negatives": 96,
  "duplicates": 2,
  "precision": 1.0,
  "recall": 0.1111111111111111,
  "f1_score": 0.19999999999999998,
  "f05_score": 0.38461538461538464,
  "severity_score": 358,
  "cwe_coverage": 8
}