{
  "precision": 0.6453703703703704,
  "precision_std": 0.020848759720736524,
  "recall": 0.24074074074074073,
  "recall_std": 0.02449769732467216,
  "f1_score": 0.3500853794971442,
  "f1_score_std": 0.025215168265169112,
  "f05_score": 0.4820268696201532,
  "f05_score_std": 0.0192042474851066,
  "severity_score": 216.33333333333334,
  "severity_score_std": 7.094598884597588,
  "cwe_coverage": 7.666666666666667,
  "cwe_coverage_std": 0.5773502691896257
}