{
  "true_positives": 6.333333333333333,
  "true_positives_std": 3.2145502536643185,
  "false_positives": 0.3333333333333333,
  "false_positives_std": 0.5773502691896257,
  "false_negatives": 53.666666666666664,
  "false_negatives_std": 3.2145502536643185,
  "duplicates": 0.3333333333333333,
  "duplicates_std": 0.5773502691896257,
  "precision": 0.9444444444444444,
  "precision_std": 0.0962250448649376,
  "recall": 0.10555555555555556,
  "recall_std": 0.05357583756107197,
  "f1_score": 0.18740981240981242,
  "f1_score_std": 0.0861602600896741,
  "f05_score": 0.3535923141186299,
  "f05_score_std": 0.12795819875391393,
  "severity_score": 209.33333333333334,
  "severity_score_std": 117.50035460939398,
  "cwe_coverage": 6,
  "cwe_coverage_std": 2.6457513110645907,
  "subset_name": "Vulnbank"
}