{
  "true_positives": 7.333333333333333,
  "true_positives_std": 0.5773502691896257,
  "false_positives": 5.333333333333333,
  "false_positives_std": 1.5275252316519468,
  "false_negatives": 12.666666666666666,
  "false_negatives_std": 0.5773502691896257,
  "duplicates": 0,
  "duplicates_std": 0.0,
  "precision": 0.583916083916084,
  "precision_std": 0.07342657342657342,
  "recall": 0.36666666666666664,
  "recall_std": 0.028867513459481315,
  "f1_score": 0.4494086979855481,
  "f1_score_std": 0.03659171460246836,
  "f05_score": 0.5209856237816765,
  "f05_score_std": 0.052538880396905026,
  "severity_score": 180,
  "severity_score_std": 15.0,
  "cwe_coverage": 4.666666666666667,
  "cwe_coverage_std": 0.5773502691896257,
  "subset_name": "XBEN"
}