{
  "precision": 0.6972734784979214,
  "precision_std": 0.08466300341095633,
  "recall": 0.43827160493827155,
  "recall_std": 0.05099602358598243,
  "f1_score": 0.5378342296702826,
  "f1_score_std": 0.06064438627467742,
  "f05_score": 0.6231753175902113,
  "f05_score_std": 0.07187883688010445,
  "severity_score": 448,
  "severity_score_std": 62.37788069500277,
  "cwe_coverage": 11,
  "cwe_coverage_std": 1.0
}