{
  "total_cost": 12.13803,
  "total_cost_std": 1.038309956384412,
  "input_cost": 5.24315,
  "input_cost_std": 0.45722348031023086,
  "output_cost": 6.89488,
  "output_cost_std": 0.5815248245131074,
  "input_tokens": 2963717.6666666665,
  "input_tokens_std": 126276.47652802692,
  "output_tokens": 459658.6666666667,
  "output_tokens_std": 38768.32163420714,
  "total_tokens": 3423376.3333333335,
  "total_tokens_std": 160590.88507550277,
  "duration_seconds": 6588.400000000001,
  "duration_seconds_std": 466.0647916330953,
  "cost_per_hour": 6.628490768018834,
  "cost_per_hour_std": 0.17191771102522685,
  "per_target": {
    "paygoat": {
      "total_cost": 4.108565666666666,
      "total_cost_std": 0.4194860044177081,
      "input_cost": 1.7976856666666667,
      "input_cost_std": 0.2118471247676809,
      "output_cost": 2.31088,
      "output_cost_std": 0.21441540499693582,
      "input_tokens": 1012872.6666666666,
      "input_tokens_std": 113606.03361764432,
      "output_tokens": 154058.66666666666,
      "output_tokens_std": 14294.360333129052,
      "total_tokens": 1166931.3333333333,
      "total_tokens_std": 126913.42381455688,
      "duration_seconds": 2273.1,
      "duration_seconds_std": 278.05033716936947,
      "cost_per_hour": 6.52716795953194,
      "cost_per_hour_std": 0.4649926261781849
    },
    "vuln-bank": {
      "total_cost": 4.473747666666667,
      "total_cost_std": 0.45780134236624215,
      "input_cost": 1.9000126666666668,
      "input_cost_std": 0.1805584595008867,
      "output_cost": 2.573735,
      "output_cost_std": 0.2804319889474096,
      "input_tokens": 1084984.3333333333,
      "input_tokens_std": 63207.830150491114,
      "output_tokens": 171582.33333333334,
      "output_tokens_std": 18695.4659298273,
      "total_tokens": 1256566.6666666667,
      "total_tokens_std": 81519.99435925725,
      "duration_seconds": 2387.9333333333334,
      "duration_seconds_std": 210.40129118741956,
      "cost_per_hour": 6.738855919309421,
      "cost_per_hour_std": 0.10863678989373454
    },
    "xben-090": {
      "total_cost": 3.5557166666666666,
      "total_cost_std": 0.27714773991922304,
      "input_cost": 1.5454516666666667,
      "input_cost_std": 0.12963197596400866,
      "output_cost": 2.010265,
      "output_cost_std": 0.151289516903849,
      "input_tokens": 865860.6666666666,
      "input_tokens_std": 51352.87733256369,
      "output_tokens": 134017.66666666666,
      "output_tokens_std": 10085.96779358993,
      "total_tokens": 999878.3333333334,
      "total_tokens_std": 43751.98958142742,
      "duration_seconds": 1927.3666666666668,
      "duration_seconds_std": 68.02479939943476,
      "cost_per_hour": 6.635209365162512,
      "cost_per_hour_std": 0.29255178374756136
    }
  },
  "cost_per_target": 4.04601,
  "cost_per_tp": 0.3754029896907216,
  "n_runs": 3
}