{
  "precision": 0.7833333333333333,
  "recall": 0.4351851851851852,
  "f1_score": 0.5595238095238095,
  "f05_score": 0.675287356321839,
  "severity_score": 416,
  "cwe_coverage": 11
}