{
  "precision": 0.9583333333333334,
  "recall": 0.21296296296296294,
  "f1_score": 0.34848484848484845,
  "f05_score": 0.5637254901960783,
  "severity_score": 239,
  "cwe_coverage": 5
}