{
  "precision": 0.625,
  "recall": 0.23148148148148145,
  "f1_score": 0.33783783783783783,
  "f05_score": 0.46641791044776115,
  "severity_score": 215,
  "cwe_coverage": 7
}