{
  "total_cost": 17.602117,
  "total_cost_std": 3.5252687383178327,
  "input_cost": 7.168722,
  "input_cost_std": 1.053224743740385,
  "output_cost": 10.433395,
  "output_cost_std": 2.493902682296164,
  "input_tokens": 22933425.333333332,
  "input_tokens_std": 2205909.720178125,
  "output_tokens": 3477798.3333333335,
  "output_tokens_std": 831300.8940987212,
  "total_tokens": 26411223.666666668,
  "total_tokens_std": 3026670.8712204457,
  "duration_seconds": 53073.46666666667,
  "duration_seconds_std": 9071.519595047639,
  "cost_per_hour": 1.1898575571731744,
  "cost_per_hour_std": 0.04020180810342464,
  "per_target": {
    "paygoat": {
      "total_cost": 3.139556666666667,
      "total_cost_std": 1.0502177371885002,
      "input_cost": 1.2816976666666666,
      "input_cost_std": 0.5368011053084125,
      "output_cost": 1.8578590000000001,
      "output_cost_std": 0.5767962315904986,
      "input_tokens": 4396048.333333333,
      "input_tokens_std": 2414322.106670594,
      "output_tokens": 619286.3333333334,
      "output_tokens_std": 192265.41053016618,
      "total_tokens": 5015334.666666667,
      "total_tokens_std": 2534176.3088736217,
      "duration_seconds": 8793.266666666666,
      "duration_seconds_std": 2547.5621706512557,
      "cost_per_hour": 1.2741286261346316,
      "cost_per_hour_std": 0.0815803682592135
    },
    "vuln-bank": {
      "total_cost": 10.729734,
      "total_cost_std": 1.804318245021371,
      "input_cost": 4.49641,
      "input_cost_std": 0.8447191355071815,
      "output_cost": 6.2333240000000005,
      "output_cost_std": 1.0193349205609508,
      "input_tokens": 14265217.333333334,
      "input_tokens_std": 2820133.544963134,
      "output_tokens": 2077774.6666666667,
      "output_tokens_std": 339778.3068536503,
      "total_tokens": 16342992,
      "total_tokens_std": 3108064.302430534,
      "duration_seconds": 33781.03333333333,
      "duration_seconds_std": 3461.2679155669703,
      "cost_per_hour": 1.1386947413565705,
      "cost_per_hour_std": 0.09458171799081459
    },
    "xben-090": {
      "total_cost": 3.7328263333333336,
      "total_cost_std": 3.4992745890040315,
      "input_cost": 1.3906143333333334,
      "input_cost_std": 1.1929187064277822,
      "output_cost": 2.342212,
      "output_cost_std": 2.3074648237890867,
      "input_tokens": 4272159.666666667,
      "input_tokens_std": 3268514.784140701,
      "output_tokens": 780737.3333333334,
      "output_tokens_std": 769154.9412630289,
      "total_tokens": 5052897,
      "total_tokens_std": 4036878.4181935675,
      "duration_seconds": 10499.166666666666,
      "duration_seconds_std": 8685.546376787894,
      "cost_per_hour": 1.221952097237926,
      "cost_per_hour_std": 0.178415330522668
    }
  },
  "cost_per_target": 5.867372333333333,
  "cost_per_tp": 0.6770045,
  "n_runs": 3
}