{
  "true_positives": 29,
  "false_positives": 4,
  "false_negatives": 79,
  "duplicates": 8,
  "precision": 0.8787878787878788,
  "recall": 0.26851851851851855,
  "f1_score": 0.41134751773049655,
  "f05_score": 0.6041666666666666,
  "severity_score": 659,
  "cwe_coverage": 15
}