{
  "precision": 0.7083333333333334,
  "recall": 0.1574074074074074,
  "f1_score": 0.25757575757575757,
  "f05_score": 0.41666666666666674,
  "severity_score": 154,
  "cwe_coverage": 5
}