{
  "total_cost": 9.724922666666666,
  "total_cost_std": 4.05923030642477,
  "input_cost": 9.314666666666666,
  "input_cost_std": 3.8891116380650907,
  "output_cost": 0.410256,
  "output_cost_std": 0.17022893779848358,
  "input_tokens": 30333333.333333332,
  "input_tokens_std": 12885780.276464958,
  "output_tokens": 244200,
  "output_tokens_std": 101326.74868957358,
  "total_tokens": 30577533.333333332,
  "total_tokens_std": 12987016.995574208,
  "duration_seconds": 5993.7,
  "duration_seconds_std": 1803.0957462098352,
  "cost_per_hour": 5.706040336507219,
  "cost_per_hour_std": 0.7202984288997728,
  "per_target": {
    "paygoat": {
      "total_cost": 3.9667226666666666,
      "total_cost_std": 1.172273918852302,
      "input_cost": 3.8266666666666667,
      "input_cost_std": 1.138857907437681,
      "output_cost": 0.14005599999999999,
      "output_cost_std": 0.03629357364603271,
      "input_tokens": 12233333.333333334,
      "input_tokens_std": 3787259.343289463,
      "output_tokens": 83366.66666666667,
      "output_tokens_std": 21603.317646448042,
      "total_tokens": 12316700,
      "total_tokens_std": 3807255.3591793654,
      "duration_seconds": 2038.4333333333332,
      "duration_seconds_std": 22.27337723232224,
      "cost_per_hour": 7.014867313672528,
      "cost_per_hour_std": 2.103460501040053
    },
    "vuln-bank": {
      "total_cost": 3.1374560000000002,
      "total_cost_std": 2.9907367146012707,
      "input_cost": 2.996,
      "input_cost_std": 2.847064453081454,
      "output_cost": 0.141456,
      "output_cost_std": 0.14451037355152052,
      "input_tokens": 9866666.666666666,
      "input_tokens_std": 9392727.68333743,
      "output_tokens": 84200,
      "output_tokens_std": 86018.07949495269,
      "total_tokens": 9950866.666666666,
      "total_tokens_std": 9478270.01321092,
      "duration_seconds": 1985.2333333333333,
      "duration_seconds_std": 1800.4048054071989,
      "cost_per_hour": 5.41915535045784,
      "cost_per_hour_std": 0.8146992411824452
    },
    "xben-090": {
      "total_cost": 2.620744,
      "total_cost_std": 0.9939039798129394,
      "input_cost": 2.492,
      "input_cost_std": 0.9507639033955801,
      "output_cost": 0.128744,
      "output_cost_std": 0.043831690453369467,
      "input_tokens": 8233333.333333333,
      "input_tokens_std": 3100537.587795596,
      "output_tokens": 76633.33333333333,
      "output_tokens_std": 26090.291936529444,
      "total_tokens": 8309966.666666667,
      "total_tokens_std": 3125882.3879559725,
      "duration_seconds": 1970.0333333333333,
      "duration_seconds_std": 779.3846696807254,
      "cost_per_hour": 4.84876613836488,
      "cost_per_hour_std": 1.1032573228823135
    }
  },
  "cost_per_target": 3.2416408888888886,
  "cost_per_tp": 2.0839119999999998,
  "n_runs": 3
}