{
  "precision": 0.9515432098765432,
  "precision_std": 0.015939199177376965,
  "recall": 0.2376543209876543,
  "recall_std": 0.023301958133551702,
  "f1_score": 0.37982237837310295,
  "f1_score_std": 0.029030042329324986,
  "f05_score": 0.5932041432557428,
  "f05_score_std": 0.02624597204733535,
  "severity_score": 266,
  "severity_score_std": 25.238858928247925,
  "cwe_coverage": 6,
  "cwe_coverage_std": 1.0
}