{
  "precision": 0.6363636363636364,
  "recall": 0.12962962962962965,
  "f1_score": 0.21538461538461542,
  "f05_score": 0.3571428571428572,
  "severity_score": 119,
  "cwe_coverage": 4
}