{
  "precision": 0.6666666666666667,
  "recall": 0.2222222222222222,
  "f1_score": 0.33333333333333337,
  "f05_score": 0.4761904761904762,
  "severity_score": 210,
  "cwe_coverage": 8
}