{
  "true_positives": 10,
  "false_positives": 5,
  "false_negatives": 98,
  "duplicates": 0,
  "precision": 0.6666666666666666,
  "recall": 0.09259259259259259,
  "f1_score": 0.16260162601626016,
  "f05_score": 0.2976190476190476,
  "severity_score": 288,
  "cwe_coverage": 10
}