{
  "precision": 0.6296296296296295,
  "recall": 0.31481481481481477,
  "f1_score": 0.419753086419753,
  "f05_score": 0.5246913580246914,
  "severity_score": 305,
  "cwe_coverage": 8
}