{
  "precision": 0.5865384615384616,
  "recall": 0.5648148148148148,
  "f1_score": 0.5754716981132075,
  "f05_score": 0.5820610687022901,
  "severity_score": 535,
  "cwe_coverage": 14
}