{
  "true_positives": 35,
  "false_positives": 4,
  "false_negatives": 73,
  "duplicates": 12,
  "precision": 0.8974358974358975,
  "recall": 0.32407407407407407,
  "f1_score": 0.4761904761904762,
  "f05_score": 0.6628787878787878,
  "severity_score": 983,
  "cwe_coverage": 24
}