{
  "precision": 0.8974358974358974,
  "recall": 0.32407407407407407,
  "f1_score": 0.4761904761904762,
  "f05_score": 0.6628787878787878,
  "severity_score": 328,
  "cwe_coverage": 8
}