{
  "precision": 0.9259259259259259,
  "recall": 0.4629629629629629,
  "f1_score": 0.6172839506172839,
  "f05_score": 0.7716049382716048,
  "severity_score": 470,
  "cwe_coverage": 8
}