{
  "precision": 0.8823529411764706,
  "recall": 0.1388888888888889,
  "f1_score": 0.24000000000000005,
  "f05_score": 0.42613636363636365,
  "severity_score": 144,
  "cwe_coverage": 4
}