{
  "true_positives": 15,
  "false_positives": 2,
  "false_negatives": 93,
  "duplicates": 1,
  "precision": 0.8823529411764706,
  "recall": 0.1388888888888889,
  "f1_score": 0.24000000000000005,
  "f05_score": 0.42613636363636365,
  "severity_score": 433,
  "cwe_coverage": 13
}