{
  "precision": 0.8372093023255813,
  "recall": 0.33333333333333326,
  "f1_score": 0.47682119205298007,
  "f05_score": 0.6428571428571428,
  "severity_score": 276,
  "cwe_coverage": 7
}