{
  "true_positives": 32,
  "false_positives": 11,
  "false_negatives": 76,
  "duplicates": 3,
  "precision": 0.7441860465116279,
  "recall": 0.2962962962962963,
  "f1_score": 0.42384105960264895,
  "f05_score": 0.5714285714285714,
  "severity_score": 712,
  "cwe_coverage": 22
}