{
  "precision": 0.7441860465116279,
  "recall": 0.2962962962962963,
  "f1_score": 0.42384105960264895,
  "f05_score": 0.5714285714285714,
  "severity_score": 237,
  "cwe_coverage": 7
}