{
  "precision": 0.9714285714285714,
  "recall": 0.31481481481481477,
  "f1_score": 0.47552447552447547,
  "f05_score": 0.6854838709677419,
  "severity_score": 362,
  "cwe_coverage": 9
}