{
  "true_positives": 53,
  "false_positives": 7,
  "false_negatives": 55,
  "duplicates": 6,
  "precision": 0.8833333333333333,
  "recall": 0.49074074074074076,
  "f1_score": 0.6309523809523809,
  "f05_score": 0.761494252873563,
  "severity_score": 1467,
  "cwe_coverage": 40
}