{
  "precision": 0.8833333333333334,
  "recall": 0.4907407407407407,
  "f1_score": 0.6309523809523809,
  "f05_score": 0.7614942528735633,
  "severity_score": 489,
  "cwe_coverage": 13
}