{
  "true_positives": 32.333333333333336,
  "true_positives_std": 3.511884584284246,
  "false_positives": 7.333333333333333,
  "false_positives_std": 3.511884584284246,
  "false_negatives": 75.66666666666667,
  "false_negatives_std": 3.511884584284246,
  "duplicates": 8,
  "duplicates_std": 5.0,
  "precision": 0.8200610758750294,
  "precision_std": 0.06891995041953058,
  "recall": 0.2993827160493827,
  "recall_std": 0.03251744985448374,
  "f1_score": 0.4373365897953752,
  "f1_score_std": 0.034760574056087575,
  "f05_score": 0.6061507936507936,
  "f05_score_std": 0.03575559779948437,
  "severity_score": 733.3333333333334,
  "severity_score_std": 86.984672979401,
  "cwe_coverage": 19.666666666666668,
  "cwe_coverage_std": 4.041451884327381
}