{
  "precision": 0.8200610758750293,
  "precision_std": 0.06891995041953057,
  "recall": 0.2993827160493827,
  "recall_std": 0.03251744985448371,
  "f1_score": 0.4373365897953752,
  "f1_score_std": 0.034760574056087575,
  "f05_score": 0.6061507936507936,
  "f05_score_std": 0.035755597799484305,
  "severity_score": 244.33333333333334,
  "severity_score_std": 28.71120571019847,
  "cwe_coverage": 6.333333333333333,
  "cwe_coverage_std": 1.1547005383792515
}