{
  "precision": 0.9333333333333333,
  "recall": 0.25925925925925924,
  "f1_score": 0.40579710144927533,
  "f05_score": 0.6140350877192983,
  "severity_score": 289,
  "cwe_coverage": 7
}