{
  "total_cost": 137.435246,
  "total_cost_std": 52.90705992857929,
  "input_cost": 105.275651,
  "input_cost_std": 41.08529828960526,
  "output_cost": 32.159594999999996,
  "output_cost_std": 11.841259622527497,
  "input_tokens": 35091883.666666664,
  "input_tokens_std": 13695099.42986842,
  "output_tokens": 2143973,
  "output_tokens_std": 789417.3081684997,
  "total_tokens": 37235856.666666664,
  "total_tokens_std": 14482933.702895638,
  "duration_seconds": 40246.83333333333,
  "duration_seconds_std": 15532.478025522303,
  "cost_per_hour": 12.30920435301922,
  "cost_per_hour_std": 0.21871314536832073,
  "per_target": {
    "paygoat": {
      "total_cost": 29.822135,
      "total_cost_std": 20.39517157961945,
      "input_cost": 21.74447,
      "input_cost_std": 15.874372668173441,
      "output_cost": 8.077665,
      "output_cost_std": 4.520979036704881,
      "input_tokens": 7248156.666666667,
      "input_tokens_std": 5291457.556057814,
      "output_tokens": 538511,
      "output_tokens_std": 301398.6024469921,
      "total_tokens": 7786667.666666667,
      "total_tokens_std": 5592841.561683143,
      "duration_seconds": 9545.833333333332,
      "duration_seconds_std": 5144.633145651236,
      "cost_per_hour": 10.693819318630991,
      "cost_per_hour_std": 1.7983991948371354
    },
    "vuln-bank": {
      "total_cost": 89.611757,
      "total_cost_std": 34.254265275964435,
      "input_cost": 69.728062,
      "input_cost_std": 26.419538554722394,
      "output_cost": 19.883695,
      "output_cost_std": 7.841309710250896,
      "input_tokens": 23242687.333333332,
      "input_tokens_std": 8806512.85157413,
      "output_tokens": 1325579.6666666667,
      "output_tokens_std": 522753.9806833931,
      "total_tokens": 24568267,
      "total_tokens_std": 9328729.637220869,
      "duration_seconds": 23362.6,
      "duration_seconds_std": 9167.541432139808,
      "cost_per_hour": 13.874371678232782,
      "cost_per_hour_std": 0.36140869128281633
    },
    "xben-090": {
      "total_cost": 18.001354,
      "total_cost_std": 2.7821141553356514,
      "input_cost": 13.803119,
      "input_cost_std": 2.1254836908499204,
      "output_cost": 4.198235,
      "output_cost_std": 0.7338081563324299,
      "input_tokens": 4601039.666666667,
      "input_tokens_std": 708494.5636166402,
      "output_tokens": 279882.3333333333,
      "output_tokens_std": 48920.54375549533,
      "total_tokens": 4880922,
      "total_tokens_std": 751000.8629282659,
      "duration_seconds": 7338.4,
      "duration_seconds_std": 2294.3724261767097,
      "cost_per_hour": 9.125391675561229,
      "cost_per_hour_std": 1.4341668744355396
    }
  },
  "cost_per_target": 45.81174866666667,
  "cost_per_tp": 2.9035615352112676,
  "n_runs": 3
}