{
  "precision": 0.9543209876543209,
  "precision_std": 0.022697939915238333,
  "recall": 0.26543209876543206,
  "recall_std": 0.042766686606638925,
  "f1_score": 0.4143542006287104,
  "f1_score_std": 0.05299393644228388,
  "f05_score": 0.6260816045762282,
  "f05_score_std": 0.0517340114779327,
  "severity_score": 290.6666666666667,
  "severity_score_std": 62.06716791777544,
  "cwe_coverage": 8,
  "cwe_coverage_std": 1.0
}