{
  "total_cost": 14.092199999999998,
  "total_cost_std": 8.207393342590569,
  "input_cost": 13.735800000000001,
  "input_cost_std": 8.108984441963123,
  "output_cost": 0.3564,
  "output_cost_std": 0.10541574834909628,
  "input_tokens": 27633333.333333332,
  "input_tokens_std": 16375998.69728052,
  "output_tokens": 118800,
  "output_tokens_std": 35138.5827830321,
  "total_tokens": 27752133.333333332,
  "total_tokens_std": 16408795.447970375,
  "duration_seconds": 2437.2333333333336,
  "duration_seconds_std": 573.8874483148531,
  "cost_per_hour": 20.080857244959716,
  "cost_per_hour_std": 7.7263525449896315,
  "per_target": {
    "paygoat": {
      "total_cost": 9.680439999999999,
      "total_cost_std": 8.04350763682114,
      "input_cost": 9.49344,
      "input_cost_std": 7.906910348397786,
      "output_cost": 0.187,
      "output_cost_std": 0.1438387638990269,
      "input_tokens": 19100000,
      "input_tokens_std": 15954936.540143304,
      "output_tokens": 62333.333333333336,
      "output_tokens_std": 47946.25463300896,
      "total_tokens": 19162333.333333332,
      "total_tokens_std": 16000420.583326343,
      "duration_seconds": 1267.7,
      "duration_seconds_std": 431.32177083935835,
      "cost_per_hour": 25.344696075731324,
      "cost_per_hour_std": 13.537588207857988
    },
    "vuln-bank": {
      "total_cost": 2.5985,
      "total_cost_std": 0.7021614415503032,
      "input_cost": 2.5,
      "input_cost_std": 0.6557438524302001,
      "output_cost": 0.0985,
      "output_cost_std": 0.04712419760590095,
      "input_tokens": 5000000,
      "input_tokens_std": 1311487.7048604002,
      "output_tokens": 32833.333333333336,
      "output_tokens_std": 15708.065868633646,
      "total_tokens": 5032833.333333333,
      "total_tokens_std": 1326946.398063363,
      "duration_seconds": 497.26666666666665,
      "duration_seconds_std": 131.93094153129252,
      "cost_per_hour": 18.810512976377787,
      "cost_per_hour_std": 1.9691842444025773
    },
    "xben-090": {
      "total_cost": 1.8132599999999999,
      "total_cost_std": 0.8943517337155442,
      "input_cost": 1.7423600000000001,
      "input_cost_std": 0.8865506559695279,
      "output_cost": 0.0709,
      "output_cost_std": 0.007950471684120379,
      "input_tokens": 3533333.3333333335,
      "input_tokens_std": 1803699.9011291577,
      "output_tokens": 23633.333333333332,
      "output_tokens_std": 2650.157228040128,
      "total_tokens": 3556966.6666666665,
      "total_tokens_std": 1806290.957551782,
      "duration_seconds": 672.2666666666667,
      "duration_seconds_std": 279.65595529745707,
      "cost_per_hour": 9.654639823676876,
      "cost_per_hour_std": 1.599027462130751
    }
  },
  "cost_per_target": 4.697399999999999,
  "cost_per_tp": 0.9608318181818181,
  "n_runs": 3
}