{
  "precision": 0.6986301369863014,
  "recall": 0.4722222222222222,
  "f1_score": 0.56353591160221,
  "f05_score": 0.6375000000000001,
  "severity_score": 494,
  "cwe_coverage": 11
}