{
  "total_cost": 63.584900000000005,
  "total_cost_std": 15.886486333988396,
  "input_cost": 51.2349,
  "input_cost_std": 13.384700565944685,
  "output_cost": 12.35,
  "output_cost_std": 2.651301378568645,
  "input_tokens": 100200000,
  "input_tokens_std": 30286630.71389751,
  "output_tokens": 823333.3333333334,
  "output_tokens_std": 176753.4252379097,
  "total_tokens": 101023333.33333333,
  "total_tokens_std": 30453418.228063222,
  "duration_seconds": 3795.2,
  "duration_seconds_std": 937.3985758470085,
  "cost_per_hour": 61.67173055980958,
  "cost_per_hour_std": 13.888700901364572,
  "per_target": {
    "paygoat": {
      "total_cost": 22.179833333333335,
      "total_cost_std": 16.081605953490257,
      "input_cost": 18.116333333333333,
      "input_cost_std": 13.659272167408238,
      "output_cost": 4.0635,
      "output_cost_std": 2.4456335068852812,
      "input_tokens": 37266666.666666664,
      "input_tokens_std": 29450353.704723705,
      "output_tokens": 270900,
      "output_tokens_std": 163042.23379235208,
      "total_tokens": 37537566.666666664,
      "total_tokens_std": 29613351.48380428,
      "duration_seconds": 1057.7666666666667,
      "duration_seconds_std": 456.7558903104954,
      "cost_per_hour": 70.14504266475193,
      "cost_per_hour_std": 25.334970666375245
    },
    "vuln-bank": {
      "total_cost": 27.187233333333335,
      "total_cost_std": 5.73356778658222,
      "input_cost": 21.861733333333333,
      "input_cost_std": 4.704993152315243,
      "output_cost": 5.3255,
      "output_cost_std": 1.076304441131783,
      "input_tokens": 38766666.666666664,
      "input_tokens_std": 7328255.817951045,
      "output_tokens": 355033.3333333333,
      "output_tokens_std": 71753.62940878553,
      "total_tokens": 39121700,
      "total_tokens_std": 7387642.7397377575,
      "duration_seconds": 1641.0,
      "duration_seconds_std": 683.6337250311748,
      "cost_per_hour": 64.4295202712828,
      "cost_per_hour_std": 17.265682221520585
    },
    "xben-090": {
      "total_cost": 14.217833333333333,
      "total_cost_std": 3.173198837661034,
      "input_cost": 11.256833333333333,
      "input_cost_std": 2.709291708792786,
      "output_cost": 2.961,
      "output_cost_std": 0.5289621914655149,
      "input_tokens": 24166666.666666668,
      "input_tokens_std": 5500303.021955548,
      "output_tokens": 197400,
      "output_tokens_std": 35264.14609770099,
      "total_tokens": 24364066.666666668,
      "total_tokens_std": 5533734.443694722,
      "duration_seconds": 1096.4333333333334,
      "duration_seconds_std": 313.20934426248095,
      "cost_per_hour": 47.23473238696293,
      "cost_per_hour_std": 4.267594450472942
    }
  },
  "cost_per_target": 21.19496666666667,
  "cost_per_tp": 2.4773337662337664,
  "n_runs": 3
}