{
  "true_positives": 10,
  "false_positives": 1,
  "false_negatives": 98,
  "duplicates": 1,
  "precision": 0.9090909090909091,
  "recall": 0.09259259259259259,
  "f1_score": 0.1680672268907563,
  "f05_score": 0.3289473684210526,
  "severity_score": 310,
  "cwe_coverage": 10
}