{
  "precision": 0.9090909090909091,
  "recall": 0.0925925925925926,
  "f1_score": 0.16806722689075632,
  "f05_score": 0.3289473684210526,
  "severity_score": 103,
  "cwe_coverage": 3
}