{
  "true_positives": 5,
  "false_positives": 0,
  "false_negatives": 103,
  "duplicates": 0,
  "precision": 1.0,
  "recall": 0.046296296296296294,
  "f1_score": 0.08849557522123894,
  "f05_score": 0.1953125,
  "severity_score": 170,
  "cwe_coverage": 5
}