{
  "true_positives": 0.6666666666666666,
  "true_positives_std": 0.5773502691896257,
  "false_positives": 0,
  "false_positives_std": 0.0,
  "false_negatives": 27.333333333333332,
  "false_negatives_std": 0.5773502691896257,
  "duplicates": 0,
  "duplicates_std": 0.0,
  "precision": 0.6666666666666666,
  "precision_std": 0.5773502691896257,
  "recall": 0.023809523809523808,
  "recall_std": 0.020619652471058063,
  "f1_score": 0.045977011494252866,
  "f1_score_std": 0.039817259944112116,
  "f05_score": 0.10416666666666667,
  "f05_score_std": 0.09021097956087902,
  "severity_score": 20,
  "severity_score_std": 17.320508075688775,
  "cwe_coverage": 0.6666666666666666,
  "cwe_coverage_std": 0.5773502691896257,
  "subset_name": "PAYGoat"
}