{
  "true_positives": 77,
  "false_positives": 62,
  "false_negatives": 31,
  "duplicates": 82,
  "precision": 0.5539568345323741,
  "recall": 0.7129629629629629,
  "f1_score": 0.6234817813765182,
  "f05_score": 0.5798192771084337,
  "severity_score": 2105,
  "cwe_coverage": 43
}