{
  "precision": 0.6444444444444444,
  "recall": 0.26851851851851855,
  "f1_score": 0.3790849673202614,
  "f05_score": 0.5034722222222222,
  "severity_score": 224,
  "cwe_coverage": 8
}