{
  "total_cost": 7.161969666666667,
  "total_cost_std": 1.102187984656127,
  "input_cost": 6.298122666666667,
  "input_cost_std": 1.0168065534576047,
  "output_cost": 0.863847,
  "output_cost_std": 0.11463380571192767,
  "input_tokens": 16826706.333333332,
  "input_tokens_std": 2574725.4981396236,
  "output_tokens": 514195,
  "output_tokens_std": 68234.46636414767,
  "total_tokens": 17340901.333333332,
  "total_tokens_std": 2616624.187393049,
  "duration_seconds": 27282.333333333336,
  "duration_seconds_std": 4552.101776469122,
  "cost_per_hour": 0.9593121969840528,
  "cost_per_hour_std": 0.18746348499373414,
  "per_target": {
    "paygoat": {
      "total_cost": 3.1186593333333334,
      "total_cost_std": 0.6815614172657762,
      "input_cost": 2.7700696666666667,
      "input_cost_std": 0.6756511535254962,
      "output_cost": 0.3485896666666667,
      "output_cost_std": 0.02749887732859897,
      "input_tokens": 7489223.666666667,
      "input_tokens_std": 2299278.8087192327,
      "output_tokens": 207494,
      "output_tokens_std": 16368.506071111071,
      "total_tokens": 7696717.666666667,
      "total_tokens_std": 2303314.431496997,
      "duration_seconds": 10372.866666666667,
      "duration_seconds_std": 854.8671378251323,
      "cost_per_hour": 1.0993483942095637,
      "cost_per_hour_std": 0.3339538782278156
    },
    "vuln-bank": {
      "total_cost": 2.921297666666667,
      "total_cost_std": 0.8368954579308777,
      "input_cost": 2.5489716666666666,
      "input_cost_std": 0.7320406931669395,
      "output_cost": 0.372326,
      "output_cost_std": 0.10502670266651239,
      "input_tokens": 6869787.333333333,
      "input_tokens_std": 2034083.1095464937,
      "output_tokens": 221622.66666666666,
      "output_tokens_std": 62516.0685930692,
      "total_tokens": 7091410,
      "total_tokens_std": 2096581.6387059675,
      "duration_seconds": 10236.8,
      "duration_seconds_std": 2616.344153585304,
      "cost_per_hour": 1.0273447587730546,
      "cost_per_hour_std": 0.1149122954389682
    },
    "xben-090": {
      "total_cost": 1.1220126666666665,
      "total_cost_std": 0.5841718442173786,
      "input_cost": 0.9790813333333334,
      "input_cost_std": 0.5200760832823725,
      "output_cost": 0.14293133333333333,
      "output_cost_std": 0.06434520179728503,
      "input_tokens": 2467695.3333333335,
      "input_tokens_std": 1334331.1756986468,
      "output_tokens": 85078.33333333333,
      "output_tokens_std": 38300.671604207324,
      "total_tokens": 2552773.6666666665,
      "total_tokens_std": 1372538.2894802364,
      "duration_seconds": 6672.666666666667,
      "duration_seconds_std": 1334.5157935870725,
      "cost_per_hour": 0.5949197642045866,
      "cost_per_hour_std": 0.24708617939081096
    }
  },
  "cost_per_target": 2.3873232222222223,
  "cost_per_tp": 0.5240465609756098,
  "n_runs": 3
}