{
  "precision": 0.6909090909090909,
  "recall": 0.7037037037037037,
  "f1_score": 0.6972477064220184,
  "f05_score": 0.6934306569343066,
  "severity_score": 667,
  "cwe_coverage": 15
}