{
  "true_positives": 26,
  "false_positives": 1,
  "false_negatives": 82,
  "duplicates": 0,
  "precision": 0.9629629629629629,
  "recall": 0.24074074074074073,
  "f1_score": 0.38518518518518513,
  "f05_score": 0.6018518518518519,
  "severity_score": 748,
  "cwe_coverage": 22
}