{
  "precision": 0.9500000000000001,
  "recall": 0.1759259259259259,
  "f1_score": 0.296875,
  "f05_score": 0.5053191489361701,
  "severity_score": 185,
  "cwe_coverage": 5
}