{
  "true_positives": 19,
  "false_positives": 1,
  "false_negatives": 89,
  "duplicates": 1,
  "precision": 0.95,
  "recall": 0.17592592592592593,
  "f1_score": 0.29687500000000006,
  "f05_score": 0.5053191489361702,
  "severity_score": 555,
  "cwe_coverage": 16
}