{
  "precision": 0.7215189873417722,
  "recall": 0.5277777777777778,
  "f1_score": 0.6096256684491979,
  "f05_score": 0.6721698113207549,
  "severity_score": 457,
  "cwe_coverage": 9
}