{
  "true_positives": 57,
  "false_positives": 22,
  "false_negatives": 51,
  "duplicates": 64,
  "precision": 0.7215189873417721,
  "recall": 0.5277777777777778,
  "f1_score": 0.6096256684491979,
  "f05_score": 0.6721698113207547,
  "severity_score": 1370,
  "cwe_coverage": 27
}